{"min_": [0.00010415870861602747, 0.03007501278294949, 0.39615849777332934, -0.03250472749384914, 0.0028701860275075187, 0.5935981126537219, -0.05612751791796294, -0.06524508430499183, 0.5923373997347653, -0.05566762125077122, -0.05138090632150084, 0.6029347713109584, 0.007600579899919444, -0.0378484924521136, 0.6101514810878718, -0.04051013863630192, -0.004521951692309015, 0.6009167264455517, 0.023052188774310953, 0.013904052035200516, 0.6136602213960217, 0.057146395467421916, 0.012176976667927627, 0.62929689150933, 0.07200976304150308, 0.020129821364335908, 0.6392320701095848, -0.02567603510769408, -0.0016172982243174623, 0.6279313064256036, 0.013348474741859366, 0.02419702465089906, 0.6465322224427412, 0.019539511606816003, -0.014074757943363226, 0.6728978847962913, 0.011098095677398629, 0.024610816065009724, 0.6963203179776809, -0.009450054105271295, -0.002717618440308634, 0.6796509688975239, 0.0031957706871482447, 0.018607522050565678, 0.6818507541118617, -0.0010934092825347112, -0.001149795534019061, 0.704244426301725, 0.023989191880439797, 0.017801568165601384, 0.7248410477588227, 0.046207077484375435, 0.026468641973409656, 0.7065400933858732, 0.06819659817974079, 0.03012636655922294, 0.7011098952455206, 0.051946798892996124, 0.009171049758401108, 0.7032245923943456, 0.05386609795059573, 0.014374408549333589, 0.7157464989510072], "scale_": [0.9096862918170034, 0.8415649374962865, 151969.66081525158, 0.980299388296558, 0.9204706355089786, 1.9672715633219915, 1.0334246225168267, 1.089428036378324, 1.1639814911495323, 1.0316011323178513, 1.010326422933398, 0.8963300546411302, 0.9451193851682373, 0.9503860082684275, 0.7290016382229187, 1.0309892959883875, 0.9946825648440076, 0.8587590852964264, 0.934598994816265, 0.9203330029897684, 0.6690627447713422, 0.8772274614934285, 0.8584928905389732, 0.6060430130754345, 0.845428277077702, 0.7877154407681134, 0.5721563722076702, 1.0100352295821584, 0.9834135092621644, 0.9873945643090034, 0.9379594389618957, 0.8851271717538489, 0.7070232523455796, 0.9092607142882063, 0.8517642944136631, 0.6437662723768924, 0.8959798874143696, 0.7555377032530463, 0.605696418985618, 0.9911123777221197, 0.9595216831407599, 1.140119973707651, 0.9482888864673741, 0.8902094025240749, 0.8287590353985512, 0.9301560751320335, 0.8405583693554185, 0.7640594904899568, 0.886266649146173, 0.7551616130597121, 0.7363199778874243, 0.9031119671224537, 0.9299593570672374, 1.240090362743751, 0.889931286752888, 0.8768696751453838, 0.9596944942262909, 0.8871098509499354, 0.8558325750937729, 0.8805236804786183, 0.8688388462960906, 0.8034834921456333, 0.8244719506233315], "data_min_": [-0.00011449959129095078, -0.03573700785636902, -2.6068262286571553e-06, 0.03315795958042145, -0.003118172287940979, -0.3017367422580719, 0.05431215465068817, 0.0598893016576767, -0.5088890194892883, 0.0539623498916626, 0.05085574835538864, -0.6726704835891724, -0.008041925728321075, 0.039824336767196655, -0.8369686007499695, 0.03929249197244644, 0.004546125419437885, -0.6997500658035278, -0.02466532588005066, -0.01510763168334961, -0.9171938300132751, -0.06514433026313782, -0.014184132218360901, -1.0383700132369995, -0.08517548441886902, -0.025554686784744263, -1.117233157157898, 0.025420930236577988, 0.0016445759683847427, -0.6359477043151855, -0.014231398701667786, -0.027337342500686646, -0.9144426584243774, -0.021489448845386505, 0.016524240374565125, -1.0452518463134766, -0.012386545538902283, -0.03257390856742859, -1.1496193408966064, 0.009534795768558979, 0.002832263708114624, -0.5961223244667053, -0.003370039165019989, -0.02090241014957428, -0.8227370381355286, 0.0011755116283893585, 0.001367894932627678, -0.9217141270637512, -0.02706769108772278, -0.023573189973831177, -0.9844104051589966, -0.051164284348487854, -0.02846214920282364, -0.5697488784790039, -0.07663130760192871, -0.03435672074556351, -0.7305552959442139, -0.05855734646320343, -0.010715939104557037, -0.7986435890197754, -0.061997801065444946, -0.01789011061191559, -0.868127167224884], "data_max_": [1.0991655588150024, 1.1525254249572754, 3.973434559156885e-06, 1.05325448513031, 1.0832825899124146, 0.2065814882516861, 1.0219686031341553, 0.9778021574020386, 0.3502311706542969, 1.023329257965088, 1.0406348705291748, 0.4429899752140045, 1.050025463104248, 1.0920283794403076, 0.5347704291343689, 1.0092346668243408, 1.0098919868469238, 0.46472087502479553, 1.0453122854232788, 1.0714555978775024, 0.5774343013763428, 1.0748108625411987, 1.1506478786468506, 0.611677885055542, 1.0976569652557373, 1.2439392805099487, 0.6305407881736755, 1.015485405921936, 1.0185108184814453, 0.3768186569213867, 1.051912784576416, 1.102443814277649, 0.4999379813671112, 1.0783051252365112, 1.1905579566955566, 0.5081069469451904, 1.1037099361419678, 1.2909867763519287, 0.501372754573822, 1.018502116203308, 1.045018196105957, 0.28097835183143616, 1.0511609315872192, 1.1024287939071655, 0.38388630747795105, 1.0762639045715332, 1.1910532712936401, 0.3870844841003418, 1.1012609004974365, 1.3006466627120972, 0.3736948072910309, 1.056118130683899, 1.0468536615371704, 0.2366439700126648, 1.047050952911377, 1.1060636043548584, 0.3114429712295532, 1.068698763847351, 1.157736897468567, 0.33704420924186707, 1.0889636278152466, 1.2266905307769775, 0.3447703719139099], "feature_range": [0, 1]}